"","Word","SocPhys.Mean","SocPhys.SD","V.Mean.Sum","V.SD.Sum","SUBTLWF","Valence","Concreteness","word_length"
"1","abundant",3.05,1.98649285076837,7.55,1.39,0.57,"positive","neutral",8
"2","abusive",5.14285714285714,1.4638501094228,2.05,1.7,1.63,"negative","neutral",7
"3","accurate",4,0,7.42,1.57,7.84,"positive","abstract",8
"4","adorable",4.72727272727273,2.25054106048636,7.4,1.6,10.53,"positive","abstract",8
"5","adoring",6.09090909090909,1.22102788293679,7.38,1.32,0.69,"positive","neutral",7
"6","adventurous",5.59090909090909,1.9918665787478,7.37,1.01,1.22,"positive","abstract",11
"7","affordable",4.22727272727273,1.9255628288353,7.52,1.44,0.65,"positive","neutral",10
"8","ailing",3.36363636363636,2.30000941085972,2.95,1.43,0.51,"negative","neutral",6
"9","amazed",5,1.22474487139159,7.55,0.89,5.12,"positive","abstract",6
"10","amused",6.4,0.894427190999916,7.05,1.28,2.51,"positive","abstract",6
"11","amusing",6.14285714285714,1.4638501094228,7.6,1.31,9.2,"positive","neutral",7
"12","ancient",3.36363636363636,1.20604537831105,7.24,1.18,21.67,"positive","neutral",7
"13","anguished",5.77272727272727,2.13657086588184,2.78,1.46,0.25,"negative","neutral",9
"14","annoyed",5.85714285714286,1.4638501094228,2.8,1.2,3.43,"negative","neutral",7
"15","appetizing",3.2,1.30384048104053,7,1.45,0.63,"positive","neutral",10
"16","arrogant",6.225,1.65618498904824,2.52,1.29,5.22,"negative","neutral",8
"17","artistic",4.525,2.20706906238882,7,1.17,4.92,"positive","neutral",8
"18","bankrupt",3.5,1.84519969238072,2.21,1.27,2.8,"negative","neutral",8
"19","beloved",6,1.92724822331886,7.38,2.13,12.76,"positive","neutral",7
"20","blessed",4.8,0.836660026534076,7.5,1.76,13.8,"positive","neutral",7
"21","blissful",4,2.54950975679639,7.67,1.24,0.53,"positive","neutral",8
"22","bloated",1.72727272727273,1.24142077521102,2.8,1.11,1.69,"negative","neutral",7
"23","bloodthirsty",4.925,2.1169341644015,2.55,1.76,0.96,"negative","neutral",12
"24","blooming",2,1.22474487139159,7.19,1.25,1.59,"positive","concrete",8
"25","bossy",6.225,1.44093096686901,2.86,1.36,1.75,"negative","neutral",5
"26","brotherly",7,0,7.45,1.36,0.84,"positive","abstract",9
"27","bubonic",3,1.4142135623731,2.17,1.47,0.41,"negative","neutral",7
"28","bulimic",3.45,2.13577584534016,2.86,1.42,0.57,"negative","neutral",7
"29","carefree",6.6875,0.478713553878169,7.32,1.49,1.35,"positive","abstract",8
"30","carsick",2.0625,1.69189243156886,2.48,1.33,0.61,"negative","neutral",7
"31","catastrophic",4.1875,1.55857841210081,2.05,1.1,1.27,"negative","neutral",12
"32","charitable",6.3125,1.07819293264239,7.33,1.15,2.04,"positive","neutral",10
"33","cheerful",6.6,0.547722557505166,8,1.41,3.73,"positive","neutral",8
"34","colic",2.45454545454545,1.75291964240443,2.95,1.43,0.51,"negative","neutral",5
"35","colorful",2.81818181818182,1.62235465667487,7.43,1.4,3.2,"positive","neutral",8
"36","comatose",1.90909090909091,1.92117388356939,2,1,0.98,"negative","neutral",8
"37","comforting",6.2,0.836660026534076,7.47,2.17,4.35,"positive","neutral",10
"38","comfy",2.8125,1.83371208208922,7.25,1.41,2.25,"positive","neutral",5
"39","comic",5.14285714285714,1.4638501094228,7.5,1.47,10.82,"positive","neutral",5
"40","compassionate",6.18181818181818,1.25045446283996,7.95,1.22,1.78,"positive","abstract",13
"41","conceited",6.54545454545455,1.40500034662842,2.75,1.37,1.84,"negative","abstract",9
"42","confident",6.68181818181818,0.893700900022652,7.56,1.14,10.65,"positive","neutral",9
"43","considerate",6.5,0.987096233585649,7.2,1.2,3.43,"positive","abstract",11
"44","convenient",5.54545454545455,1.43969693780576,7.15,1.5,8.55,"positive","abstract",10
"45","coronary",2.45454545454545,2.01809991643805,2.62,1.47,1.98,"negative","neutral",8
"46","courageous",6.25,1.64472739538448,8.05,0.71,3.16,"positive","abstract",10
"47","crappy",4.45,1.76794825310048,2.35,1.57,4.96,"negative","abstract",6
"48","deathly",3.5625,1.63171688720807,1.95,1.18,0.55,"negative","abstract",7
"49","deceitful",5.4,2.50998007960223,2.6,1.67,1.14,"negative","neutral",9
"50","decorative",2.28571428571429,1.60356745147455,7.52,1.47,0.86,"positive","neutral",10
"51","defenseless",4.9375,1.43614066163451,2.68,1.42,1.33,"negative","neutral",11
"52","deformed",1.5625,1.03077640640442,2.26,1.1,1.29,"negative","neutral",8
"53","degenerate",5.77272727272727,1.99837596400339,2.7,1.3,1.82,"negative","neutral",10
"54","delicious",2.81818181818182,2.26013829404864,7.38,1.83,21.53,"positive","neutral",9
"55","delighted",6.27272727272727,1.57908406790345,7.74,1.05,12.94,"positive","neutral",9
"56","delightful",5.36363636363636,1.91168654714769,7.38,1.83,9.2,"positive","neutral",10
"57","demeaning",5.4,1.51657508881031,2.62,1.28,0.86,"negative","abstract",9
"58","dependable",6.6,0.547722557505166,7.24,1.34,1.67,"positive","abstract",10
"59","depressing",4.6,1.67332005306815,2.48,1.69,6.35,"negative","abstract",10
"60","derogatory",6,1.22474487139159,2.7,1.34,0.61,"negative","neutral",10
"61","despicable",4.6,2.50998007960223,2.76,1.45,2.1,"negative","abstract",10
"62","destitute",5,1,2.11,1.41,0.71,"negative","neutral",9
"63","deteriorating",1.90909090909091,1.37510330190466,2.63,1.3,0.65,"negative","neutral",13
"64","devastating",5.42857142857143,1.39727626201154,2.09,1.31,2.73,"negative","neutral",11
"65","disabled",2.75,1.48323969741913,2.7,1.15,3.47,"negative","neutral",8
"66","disappointing",6.72727272727273,0.646669790682863,2.79,1.13,3.43,"negative","abstract",13
"67","disastrous",3.8125,1.32759180473518,2.21,1.93,1.67,"negative","neutral",10
"68","discriminating",6.125,1.20415945787923,2.33,1.15,0.49,"negative","abstract",14
"69","diseased",2.6,1.81659021245849,2.24,1.34,1.14,"negative","neutral",8
"70","disgraceful",6.15,1.18862126550912,2.35,1.35,1.82,"negative","abstract",11
"71","dishonorable",6.6,0.547722557505166,2.33,1.28,0.63,"negative","abstract",12
"72","disloyal",6.81818181818182,0.664498639244989,2.27,1.22,0.96,"negative","abstract",8
"73","dismal",5.27272727272727,1.80427582575704,2.6,1.39,0.94,"negative","neutral",6
"74","disorderly",5.09090909090909,2.18019420081027,2.95,1.39,1.35,"negative","neutral",10
"75","distraught",6.27272727272727,1.57908406790345,2.81,1.47,1.55,"negative","neutral",10
"76","divine",4.825,1.69293403327644,7.15,1.42,11.65,"positive","abstract",6
"77","drab",3,1.4142135623731,2.76,1.26,0.8,"negative","neutral",4
"78","dreaded",6,1.09544511501033,2.11,1.33,1.35,"negative","neutral",7
"79","dreamy",5.28571428571429,1.60356745147455,7.52,1.5,1.57,"positive","neutral",6
"80","easygoing",6.9375,0.25,7.03,1.35,0.43,"positive","abstract",9
"81","elegant",4.6,1.78023334684832,7,1.2,6.27,"positive","neutral",7
"82","energetic",4,2.12132034355964,7.57,0.87,1.29,"positive","neutral",9
"83","enjoyable",6.375,0.885061203156784,7.63,1.5,1.94,"positive","neutral",9
"84","enlightening",6.09090909090909,1.44449994343374,7,1.52,0.73,"positive","abstract",12
"85","enraged",6.1875,1.32759180473518,2.33,1.39,0.69,"negative","neutral",7
"86","entertaining",4.8,2.16794833886788,8,0.84,5.65,"positive","neutral",12
"87","enthusiastic",6.25,1.39136531360295,7.55,1.61,2.78,"positive","neutral",12
"88","euphoric",5,2.3094010767585,7.8,1.4,0.41,"positive","neutral",8
"89","excruciating",3,2.72029410174709,2.1,1.51,1.31,"negative","neutral",12
"90","exhilarating",5.175,1.82416120520202,7.39,1.2,1.12,"positive","abstract",12
"91","exotic",3.6,0.894427190999916,7.55,1.57,6,"positive","neutral",6
"92","exquisite",4.59090909090909,1.8428521091243,7.53,1.26,4.18,"positive","abstract",9
"93","extinct",1.85714285714286,1.4638501094228,2.74,1.37,2.51,"negative","neutral",7
"94","extraordinary",5.72727272727273,1.42062726222673,7.45,1.39,15.12,"positive","neutral",13
"95","fabulous",5.4,1.34164078649987,7.84,1.54,20.51,"positive","neutral",8
"96","faceless",2.95454545454545,2.10390278444773,2.58,1.74,0.73,"negative","neutral",8
"97","faithful",6.85714285714286,0.377964473009227,7.95,1.07,9.12,"positive","neutral",8
"98","fascinating",5.28571428571429,1.38013111868471,7.37,1.26,15.08,"positive","abstract",11
"99","fashionable",4.27272727272727,2.10194714923611,7.33,1.43,1.92,"positive","abstract",11
"100","fecal",2.2,1.55579973663477,2.4,1.14,0.59,"negative","neutral",5
"101","feminine",4,0.707106781186548,7.33,1.52,4.57,"positive","neutral",8
"102","festive",4.975,1.74660843512249,7.14,1.46,1.92,"positive","neutral",7
"103","flattering",5.525,1.88090949086353,7.14,1.2,3.82,"positive","neutral",10
"104","floral",2,1.73205080756888,7.42,1.3,0.73,"positive","neutral",6
"105","flowery",3.04545454545455,2.23558392771005,7.47,1.22,0.67,"positive","neutral",7
"106","fluffy",1,0,7.11,1.29,3.63,"positive","neutral",6
"107","fragrant",2.09090909090909,2.02259958738973,7.05,1.18,0.71,"positive","neutral",8
"108","fraught",6.14285714285714,1.4638501094228,2.94,1.47,0.69,"negative","neutral",7
"109","frightening",4.81818181818182,2.27236360726807,2.58,1.61,5.76,"negative","neutral",11
"110","fruitful",3.4,0.894427190999916,7.11,1.49,0.92,"positive","neutral",8
"111","fruitless",2.57142857142857,1.39727626201154,2.95,1.32,0.45,"negative","neutral",9
"112","frustrating",3.8,1.92353840616713,2.57,1.43,2.47,"negative","abstract",11
"113","furious",4.4,2.40831891575846,2.57,1.6,6,"negative","neutral",7
"114","generous",5.8,0.836660026534076,7.43,1.83,16.71,"positive","neutral",8
"115","gentle",4.54545454545455,2.30377067160759,7.42,1.72,16.55,"positive","neutral",6
"116","golden",2.57142857142857,1.39727626201154,7.79,1.44,23.27,"positive","neutral",6
"117","gorgeous",2.36363636363636,2.46059859679417,7.57,1.66,24.06,"positive","neutral",8
"118","gory",2.575,1.97273076385671,2.57,1.66,0.73,"negative","neutral",4
"119","gracious",6,2.1380899352994,7.23,1.23,7.16,"positive","neutral",8
"120","greedy",6.6,0.547722557505166,2.1,1.48,6.63,"negative","neutral",6
"121","grim",5.4,1.51657508881031,2.41,1.14,4.78,"negative","abstract",4
"122","gruesome",2.90909090909091,2.42711950486767,2.89,1.41,2.04,"negative","neutral",8
"123","grumpy",6.8,0.447213595499958,2.81,1.25,2.35,"negative","neutral",6
"124","harmful",4.42857142857143,2.07019667802706,2.29,1.95,1.29,"negative","neutral",7
"125","harmonious",5.4,1.59807576599051,7.7,1.22,0.39,"positive","neutral",10
"126","hateful",6.09090909090909,1.92117388356939,1.9,0.91,2,"negative","neutral",7
"127","heartbroken",6.1875,1.22304265393049,1.95,1,1.82,"negative","neutral",11
"128","hearty",3.625,1.7464249196573,7.25,1.33,1.94,"positive","neutral",6
"129","heavenly",4.625,1.705007707329,7.89,1.52,5.53,"positive","abstract",8
"130","hectic",4.42857142857143,1.98805959477601,2.8,1.15,1.84,"negative","abstract",6
"131","helpful",6.75,0.577350269189626,7.43,1.43,12.14,"positive","abstract",7
"132","heroic",6.4,0.547722557505166,7.45,2.06,4.59,"positive","abstract",6
"133","hilarious",6.5625,0.813941029804985,7.8,1.54,5.78,"positive","neutral",9
"134","homemade",2.4,1.94935886896179,7.38,1.02,2.86,"positive","neutral",8
"135","homicidal",4.18181818181818,2.44205576587357,2,1.2,2.02,"negative","abstract",9
"136","honorable",5.6,1.51657508881031,7.68,1.38,7.24,"positive","abstract",9
"137","hopeful",6.57142857142857,1.13389341902768,7.44,1.34,2.98,"positive","abstract",7
"138","horrendous",4.81818181818182,1.72152152575458,2.58,1.39,1.02,"negative","neutral",10
"139","horrid",4.72727272727273,1.84883255547435,2.68,1.38,2.45,"negative","neutral",6
"140","horrific",4.6,1.34164078649987,2.2,1.99,1.37,"negative","neutral",8
"141","humiliating",6.36363636363636,1.176979772673,2.16,1.57,5.88,"negative","abstract",11
"142","humorous",6.3,1.01779046758035,7.81,1.66,1.47,"positive","neutral",8
"143","hypodermic",2.5,1.4142135623731,2.9,1.33,0.67,"negative","neutral",10
"144","illegitimate",4.85,1.56155740799419,2.79,1.23,1.33,"negative","abstract",12
"145","immobile",1.8,1.30384048104053,2.89,1.2,0.49,"negative","neutral",8
"146","immoral",6,1.58518784780243,2.79,1.47,2.61,"negative","abstract",7
"147","impoverished",6.14285714285714,1.4638501094228,2.43,1.41,0.57,"negative","neutral",12
"148","inadequate",5.8,1.30384048104053,2.57,1.21,1.86,"negative","abstract",10
"149","inconsiderate",6.6,0.547722557505166,2.58,1.46,1.43,"negative","neutral",13
"150","inconvenient",5,1.4142135623731,2.73,1.16,1.63,"negative","abstract",12
"151","incurable",3.14285714285714,1.95180014589707,1.9,1.61,1.02,"negative","abstract",9
"152","inexpensive",3.63636363636364,1.6292775867069,7.63,1.46,0.73,"positive","neutral",11
"153","infectious",3.4,1.94935886896179,2.63,1.86,1.27,"negative","neutral",10
"154","infuriating",6.27272727272727,1.00904995821903,2.63,1.21,0.49,"negative","neutral",11
"155","inoperable",2.475,1.48475155480208,2.5,1.67,0.65,"negative","neutral",10
"156","insecure",6,1.22474487139159,2.3,1.44,4.06,"negative","abstract",8
"157","insulting",6.8,0.447213595499958,1.89,0.94,5.37,"negative","neutral",9
"158","intellectual",4.8,1.30384048104053,7.65,1.69,4.59,"positive","abstract",12
"159","intelligent",6.36363636363636,1.02691063610494,7.6,1.35,13.51,"positive","neutral",11
"160","irresponsible",6.3,1.18104690629619,2.5,1.4,4.65,"negative","neutral",13
"161","irritable",6.25,1.18321595661992,2.85,0.93,1.45,"negative","neutral",9
"162","irritating",5,2.36643191323985,2.63,1.42,2.18,"negative","neutral",10
"163","itchy",1.75,1.48064435037847,2.53,1.43,2.27,"negative","neutral",5
"164","joyful",6.54545454545455,0.934198732993827,8.21,0.98,1.49,"positive","neutral",6
"165","joyous",6.5,0.894427190999916,7.45,1.82,1.35,"positive","neutral",6
"166","knowledgeable",6.6,0.547722557505166,7.95,1.12,0.78,"positive","abstract",13
"167","lethal",3.31818181818182,2.1687469201046,2.48,1.47,5.67,"negative","neutral",6
"168","liberating",5.625,1.20415945787923,7.75,1.45,0.96,"positive","abstract",10
"169","lifeless",2,1.4142135623731,2.24,1.61,1.25,"negative","neutral",8
"170","lively",5.36363636363636,2.24823162831267,7.12,1.36,4.06,"positive","neutral",6
"171","lovable",6.09090909090909,1.87487373312218,8.26,0.99,1.78,"positive","abstract",7
"172","loveless",6,1,2.59,1.89,0.45,"negative","abstract",8
"173","loyal",6.85714285714286,0.377964473009227,7.31,1.33,12,"positive","abstract",5
"174","luxurious",3.275,1.92137103826061,7.58,1.95,1.12,"positive","neutral",9
"175","magical",4.2,0.447213595499958,8.23,0.97,9.1,"positive","neutral",7
"176","malicious",6,1.22474487139159,2.32,1.42,1.57,"negative","neutral",9
"177","meaningless",6,1.73205080756888,2.95,1.39,4.86,"negative","abstract",11
"178","moldy",1.85714285714286,2.26778683805536,1.95,0.94,0.59,"negative","neutral",5
"179","motherless",5,2.16024689946929,1.9,1.48,0.57,"negative","neutral",10
"180","motherly",5.8,1.30384048104053,7.67,1.75,0.45,"positive","neutral",8
"181","murderous",5.2,2.05314018405578,2.05,1.67,1.82,"negative","neutral",9
"182","musical",4.175,2.13502537065332,7.68,1.21,13.16,"positive","neutral",7
"183","nauseating",4.54545454545455,2.76996882161646,2.73,1.45,0.59,"negative","neutral",10
"184","nauseous",2.8,2.16794833886788,1.95,1.85,3.1,"negative","neutral",8
"185","needy",5.8,1.6431676725155,2.9,1.29,3.04,"negative","neutral",5
"186","negligent",5.77272727272727,1.9255628288353,2.05,1.28,1,"negative","abstract",9
"187","newborn",2.25,1.73205080756888,7.48,1.69,2.51,"positive","concrete",7
"188","nutritious",2.25,1.34164078649987,7.09,1.44,0.88,"positive","neutral",10
"189","obese",1.57142857142857,1.51185789203691,2.32,1.25,0.49,"negative","neutral",5
"190","oceanic",2.27272727272727,1.60895760936843,7.45,1.26,0.61,"positive","neutral",7
"191","optimistic",5,2.54950975679639,7.45,1.71,3.39,"positive","abstract",10
"192","optimum",3.9,1.25677650339556,7.38,1.77,0.65,"positive","abstract",7
"193","orphaned",5.57142857142857,1.51185789203691,2.55,1.61,0.39,"negative","neutral",8
"194","overcrowded",2.4375,1.75,2.55,1.53,0.45,"negative","neutral",11
"195","overworked",4,2.6903708365382,1.9,1.04,0.98,"negative","neutral",10
"196","painless",3.525,2.14819542633895,7.4,1.7,1.94,"positive","neutral",8
"197","parasitic",3.2,1.30384048104053,1.95,1.03,0.47,"negative","neutral",9
"198","pathological",5.4375,2.18993911635309,2.71,1.45,1.47,"negative","abstract",12
"199","peaceful",5.875,1.25830573921179,8,1.78,11.24,"positive","neutral",8
"200","penniless",4,2.21880078490092,2.55,1.1,1.24,"negative","neutral",9
"201","pitiful",6.14285714285714,1.4638501094228,2.89,1.24,3.84,"negative","abstract",7
"202","playful",5.09090909090909,2.36862610185517,7.63,1.21,1.16,"positive","neutral",7
"203","pleasant",5.42857142857143,1.39727626201154,7.24,1.51,21.02,"positive","abstract",8
"204","pleasing",5.75,1.18321595661992,7.65,1.09,1.55,"positive","neutral",8
"205","pleasurable",3.4,2.30217288664427,7.75,1.12,0.75,"positive","neutral",11
"206","poisonous",2.8,1.30384048104053,2.52,1.66,3.33,"negative","neutral",9
"207","prejudiced",6.2,1.30384048104053,2.7,1.26,1.86,"negative","neutral",10
"208","problematic",5,1.4142135623731,2.58,1.22,0.94,"negative","neutral",11
"209","productive",4.85714285714286,1.86445447147161,7.37,1.07,2.41,"positive","neutral",10
"210","rabid",2.6,1.51657508881031,2.95,1.36,1.37,"negative","neutral",5
"211","racist",6.63636363636364,0.924416277737175,2.05,1.69,4.82,"negative","neutral",6
"212","radiant",2.71428571428571,1.38013111868471,7.29,1.31,2.16,"positive","neutral",7
"213","rancid",1.8125,1.10867789130417,2.38,1.72,0.49,"negative","neutral",6
"214","ravishing",4,2.54950975679639,7.41,1.53,1.55,"positive","neutral",9
"215","refreshing",2.85714285714286,1.21498579258791,7.05,1.53,3.67,"positive","neutral",10
"216","relaxing",4.4375,2.12818388929779,8.19,0.93,3.61,"positive","neutral",8
"217","reliable",6.2,0.836660026534076,7.3,1.34,5.9,"positive","abstract",8
"218","repulsive",4.875,1.40830867828517,1.95,1.2,2.02,"negative","neutral",9
"219","resourceful",5.2,1.30384048104053,7.25,1.29,1.45,"positive","abstract",11
"220","respectful",6.59090909090909,1.33306274310562,7.45,1.26,1.9,"positive","neutral",10
"221","retarded",5.125,1.70782512765993,2.25,1.55,6.24,"negative","neutral",8
"222","revolting",4.27272727272727,2.19503572139084,2.47,1.9,1.92,"negative","neutral",9
"223","sadistic",4.4,2.30217288664427,2.62,1.94,1.71,"negative","neutral",8
"224","saggy",1.125,0.341565025531987,2.62,1.43,0.57,"negative","neutral",5
"225","satanic",5,1.4142135623731,1.94,1.39,1.35,"negative","neutral",7
"226","satisfied",5.68181818181818,1.72892379507527,7.16,1.26,15.51,"positive","neutral",9
"227","satisfying",5.2,1.30384048104053,7.48,1.78,2.53,"positive","neutral",10
"228","scornful",5.875,1.81429508808977,2.5,1.15,0.08,"negative","neutral",8
"229","scrumptious",2.71428571428571,1.38013111868471,7.2,1.32,0.75,"positive","neutral",11
"230","seasick",2.75,1.98390963400489,1.89,1.29,1.37,"negative","neutral",7
"231","seasoned",3.68181818181818,1.96120380030234,7.16,1.42,0.98,"positive","neutral",8
"232","selfless",6.8,0.447213595499958,7.11,1.49,1.82,"positive","abstract",8
"233","sensual",5.6,1.51657508881031,7.4,2.06,1.51,"positive","neutral",7
"234","sickening",3.27272727272727,2.00454030096225,2.53,1.58,0.9,"negative","neutral",9
"235","sinister",6,1.34164078649987,2.63,1.57,2.18,"negative","neutral",8
"236","skilled",4.8125,1.60078105935821,7.05,1.05,2.37,"positive","abstract",7
"237","smelly",1.90909090909091,1.70026735865542,2.68,1.46,4.14,"negative","neutral",6
"238","soulful",5.7,1.77157035944428,7.1,1.25,0.43,"positive","neutral",7
"239","spectacular",6,1.4142135623731,7.5,1.36,5.67,"positive","abstract",11
"240","spirited",5.6,1.51657508881031,7.57,1.12,1.22,"positive","abstract",8
"241","splendid",5.90909090909091,1.300349603341,7.62,1.28,11.67,"positive","abstract",8
"242","starry",3.2,1.09544511501033,7.4,1.5,0.73,"positive","concrete",6
"243","stingy",6.57142857142857,1.13389341902768,2.53,1.47,1.24,"negative","abstract",6
"244","stressful",5.15,1.92886309014218,2.62,1.36,2.51,"negative","abstract",9
"245","successful",5.2,1.30384048104053,7.76,1.76,20.33,"positive","neutral",10
"246","suicidal",5.71428571428571,1.38013111868471,2.15,2.16,2.9,"negative","neutral",8
"247","sullen",5.9,1.44648114135916,2.84,1.01,0.57,"negative","neutral",6
"248","sunny",2.2,1.6431676725155,7.95,0.89,7.67,"positive","concrete",5
"249","talented",5.4,1.98455575342734,7.95,1.07,11.39,"positive","neutral",8
"250","terrifying",5.42857142857143,1.51185789203691,2.63,1.92,4.25,"negative","neutral",10
"251","thankful",6.2,1.30384048104053,7.76,1.65,5.37,"positive","abstract",8
"252","thoughtful",6,1.4142135623731,7.26,1.45,7.8,"positive","abstract",10
"253","toothless",1,0,2.52,1.5,0.55,"negative","concrete",9
"254","toxic",3.6875,1.40089257261219,2.35,1.27,4.9,"negative","neutral",5
"255","traitorous",6.31818181818182,1.58524036442018,2.32,1.11,0.47,"negative","abstract",10
"256","traumatic",5,1.59164485150844,2.22,1.4,2.71,"negative","neutral",9
"257","treasured",4.85714285714286,1.4638501094228,7.14,1.53,0.59,"positive","neutral",9
"258","triumphant",6.18181818181818,1.65144564768954,7.45,1.6,1.37,"positive","abstract",10
"259","troublesome",5.75,1.12546286774228,2.74,1.19,1.55,"negative","neutral",11
"260","truthful",5.6,1.51657508881031,7.48,1.29,2.14,"positive","abstract",8
"261","unappreciated",6.4,0.547722557505166,2.65,1.46,0.47,"negative","abstract",13
"262","unattractive",3.6,2.70185121722126,2.37,1.12,1.8,"negative","neutral",12
"263","unbearable",4.875,1.48820146141025,2.1,0.94,2.53,"negative","abstract",10
"264","uncooperative",6.4,0.894427190999916,2.86,1.46,0.63,"negative","abstract",13
"265","uneasy",4.6,2.50998007960223,2.86,1.04,2.08,"negative","abstract",6
"266","unethical",6.125,1.31021626713557,2.19,1.36,1.76,"negative","abstract",9
"267","unfaithful",6,1.4142135623731,2.33,1.75,2.35,"negative","abstract",10
"268","unfeeling",6.4375,1.03077640640442,2.79,1.18,0.65,"negative","neutral",9
"269","unfit",4.57142857142857,1.13389341902768,2.95,1.39,1.55,"negative","abstract",5
"270","unforgivable",6.1,1.4105827128331,2.33,1.61,1.96,"negative","abstract",12
"271","unforgiving",6.54545454545455,0.934198732993827,2.41,1.59,0.51,"negative","abstract",11
"272","unfriendly",6.6,0.547722557505166,2.3,1.87,1.04,"negative","neutral",10
"273","ungrateful",6.22727272727273,1.57152695481082,2.68,1.45,4.61,"negative","abstract",10
"274","unhealthy",3.7,1.93748449125307,2.55,1.47,1.63,"negative","neutral",9
"275","unique",4.2,1.71269767715535,7.32,1.11,13.65,"positive","abstract",6
"276","unkind",6.85714285714286,0.377964473009227,2.55,1.54,1.39,"negative","neutral",6
"277","unpaid",3.45454545454545,1.80906806746658,2.58,1.3,1,"negative","neutral",6
"278","unpleasant",4.72727272727273,2.25054106048636,2.53,1.43,6.1,"negative","abstract",10
"279","unreliable",5.54545454545455,1.57249078621379,2.74,1.19,1.67,"negative","abstract",10
"280","unsanitary",1.8125,1.16726175299288,1.79,1.23,0.41,"negative","neutral",10
"281","unsuccessful",6.2,0.836660026534076,2.33,1.39,0.86,"negative","neutral",12
"282","useful",4.90909090909091,1.75809814598307,7.1,1.25,13.12,"positive","neutral",6
"283","valuable",4.71428571428571,1.25356634105602,7.17,1.42,15.59,"positive","neutral",8
"284","vengeful",5.8,1.30384048104053,2.16,1.42,1,"negative","neutral",8
"285","vile",5.27272727272727,2.00454030096225,2.21,1.44,4.43,"negative","neutral",4
"286","wimpy",5.6,1.51657508881031,2.76,1.3,0.84,"negative","neutral",5
"287","witty",6.63636363636364,0.902137912878521,7.25,1.21,3.2,"positive","neutral",5
"288","wretched",5.28571428571429,2.36038737740833,2.57,1.36,3.63,"negative","neutral",8
"289","yummy",2.5,2.01777812740365,7.52,1.94,4.47,"positive","neutral",5
